group1,group2,p_value,reject,test_used,effect_type,effect_value,effect_interpretation
0.25 + 0,auto + 0.125,0.0014,True,Kruskal-Wallis + Dunn,Cliff's delta,-0.1961,small
0.25 + 0,1 + auto,0.0014,True,Kruskal-Wallis + Dunn,Cliff's delta,-0.1982,small
1 + 0,auto + 0.125,0.0014,True,Kruskal-Wallis + Dunn,Cliff's delta,-0.1944,small
auto + 0,auto + 0.125,0.0014,True,Kruskal-Wallis + Dunn,Cliff's delta,-0.1944,small
0.25 + 0,auto + 0.5,0.0015,True,Kruskal-Wallis + Dunn,Cliff's delta,-0.1967,small
0.25 + 0,auto + auto,0.0015,True,Kruskal-Wallis + Dunn,Cliff's delta,-0.1972,small
0.25 + 0,auto + 0.25,0.0015,True,Kruskal-Wallis + Dunn,Cliff's delta,-0.1958,small
0.25 + 0,2 + auto,0.0015,True,Kruskal-Wallis + Dunn,Cliff's delta,-0.1977,small
0.25 + 0,2 + 0.125,0.0015,True,Kruskal-Wallis + Dunn,Cliff's delta,-0.1952,small
1 + 0,1 + auto,0.0015,True,Kruskal-Wallis + Dunn,Cliff's delta,-0.1962,small
0.25 + 0,1 + 0.125,0.0015,True,Kruskal-Wallis + Dunn,Cliff's delta,-0.1953,small
1 + auto,auto + 0,0.0015,True,Kruskal-Wallis + Dunn,Cliff's delta,0.1962,small
0.25 + 0,1 + 0.5,0.0015,True,Kruskal-Wallis + Dunn,Cliff's delta,-0.1974,small
auto + 0,auto + 0.5,0.0016,True,Kruskal-Wallis + Dunn,Cliff's delta,-0.1953,small
2 + 0.125,auto + 0,0.0016,True,Kruskal-Wallis + Dunn,Cliff's delta,0.1939,small
1 + 0,1 + 0.5,0.0016,True,Kruskal-Wallis + Dunn,Cliff's delta,-0.1957,small
1 + 0,1 + 0.125,0.0016,True,Kruskal-Wallis + Dunn,Cliff's delta,-0.1935,small
1 + 0.5,auto + 0,0.0016,True,Kruskal-Wallis + Dunn,Cliff's delta,0.1957,small
1 + 0.125,auto + 0,0.0016,True,Kruskal-Wallis + Dunn,Cliff's delta,0.1935,small
auto + 0,auto + 0.25,0.0016,True,Kruskal-Wallis + Dunn,Cliff's delta,-0.1944,small
1 + 0,auto + auto,0.0016,True,Kruskal-Wallis + Dunn,Cliff's delta,-0.1957,small
1 + 0,2 + 0.125,0.0016,True,Kruskal-Wallis + Dunn,Cliff's delta,-0.1939,small
auto + 0,auto + auto,0.0016,True,Kruskal-Wallis + Dunn,Cliff's delta,-0.1957,small
1 + 0,2 + auto,0.0016,True,Kruskal-Wallis + Dunn,Cliff's delta,-0.1958,small
1 + 0,auto + 0.25,0.0016,True,Kruskal-Wallis + Dunn,Cliff's delta,-0.1944,small
2 + auto,auto + 0,0.0016,True,Kruskal-Wallis + Dunn,Cliff's delta,0.1958,small
0.25 + 0,1 + 0.25,0.0016,True,Kruskal-Wallis + Dunn,Cliff's delta,-0.1945,small
1 + 0,auto + 0.5,0.0016,True,Kruskal-Wallis + Dunn,Cliff's delta,-0.1953,small
2 + 0,auto + 0.125,0.0017,True,Kruskal-Wallis + Dunn,Cliff's delta,-0.1926,small
0.25 + 0,2 + 0.5,0.0017,True,Kruskal-Wallis + Dunn,Cliff's delta,-0.1951,small
1 + 0,1 + 0.25,0.0018,True,Kruskal-Wallis + Dunn,Cliff's delta,-0.1934,small
1 + 0.25,auto + 0,0.0018,True,Kruskal-Wallis + Dunn,Cliff's delta,0.1934,small
0.5 + 0,auto + 0.125,0.0018,True,Kruskal-Wallis + Dunn,Cliff's delta,-0.193,small
1 + auto,2 + 0,0.0018,True,Kruskal-Wallis + Dunn,Cliff's delta,0.1945,small
2 + 0.5,auto + 0,0.0018,True,Kruskal-Wallis + Dunn,Cliff's delta,0.1936,small
0.25 + 0,2 + 0.25,0.0018,True,Kruskal-Wallis + Dunn,Cliff's delta,-0.1939,small
1 + 0,2 + 0.5,0.0018,True,Kruskal-Wallis + Dunn,Cliff's delta,-0.1936,small
1 + 0,2 + 0.25,0.0019,True,Kruskal-Wallis + Dunn,Cliff's delta,-0.1924,small
1 + 0.125,2 + 0,0.0019,True,Kruskal-Wallis + Dunn,Cliff's delta,0.1917,small
2 + 0,2 + 0.125,0.0019,True,Kruskal-Wallis + Dunn,Cliff's delta,-0.1921,small
2 + 0,auto + auto,0.0019,True,Kruskal-Wallis + Dunn,Cliff's delta,-0.1939,small
2 + 0,auto + 0.5,0.0019,True,Kruskal-Wallis + Dunn,Cliff's delta,-0.1936,small
2 + 0,auto + 0.25,0.0019,True,Kruskal-Wallis + Dunn,Cliff's delta,-0.1926,small
2 + 0,2 + auto,0.0019,True,Kruskal-Wallis + Dunn,Cliff's delta,-0.1941,small
1 + 0.5,2 + 0,0.0019,True,Kruskal-Wallis + Dunn,Cliff's delta,0.1939,small
2 + 0.25,auto + 0,0.0019,True,Kruskal-Wallis + Dunn,Cliff's delta,0.1924,small
0.5 + 0,1 + auto,0.0019,True,Kruskal-Wallis + Dunn,Cliff's delta,-0.1958,small
0.5 + 0,auto + 0.25,0.002,True,Kruskal-Wallis + Dunn,Cliff's delta,-0.193,small
0.5 + 0,1 + 0.125,0.002,True,Kruskal-Wallis + Dunn,Cliff's delta,-0.1922,small
0.5 + 0,1 + 0.5,0.002,True,Kruskal-Wallis + Dunn,Cliff's delta,-0.1951,small
0.5 + 0,auto + 0.5,0.002,True,Kruskal-Wallis + Dunn,Cliff's delta,-0.1948,small
0.5 + 0,2 + 0.125,0.002,True,Kruskal-Wallis + Dunn,Cliff's delta,-0.1928,small
0.5 + 0,auto + auto,0.002,True,Kruskal-Wallis + Dunn,Cliff's delta,-0.1952,small
0.5 + 0,2 + auto,0.002,True,Kruskal-Wallis + Dunn,Cliff's delta,-0.1953,small
1 + 0.25,2 + 0,0.0021,True,Kruskal-Wallis + Dunn,Cliff's delta,0.1917,small
0.25 + 0,0.5 + 0.125,0.0022,True,Kruskal-Wallis + Dunn,Cliff's delta,-0.1943,small
0.25 + 0,0.5 + auto,0.0022,True,Kruskal-Wallis + Dunn,Cliff's delta,-0.1947,small
0.5 + 0,1 + 0.25,0.0022,True,Kruskal-Wallis + Dunn,Cliff's delta,-0.1919,small
2 + 0,2 + 0.25,0.0022,True,Kruskal-Wallis + Dunn,Cliff's delta,-0.1906,small
2 + 0,2 + 0.5,0.0022,True,Kruskal-Wallis + Dunn,Cliff's delta,-0.1918,small
0.5 + 0.125,1 + 0,0.0023,True,Kruskal-Wallis + Dunn,Cliff's delta,0.1906,small
0.5 + 0.125,auto + 0,0.0023,True,Kruskal-Wallis + Dunn,Cliff's delta,0.1906,small
0.5 + 0,2 + 0.5,0.0023,True,Kruskal-Wallis + Dunn,Cliff's delta,-0.1929,small
0.5 + auto,auto + 0,0.0024,True,Kruskal-Wallis + Dunn,Cliff's delta,0.1921,small
0.5 + auto,1 + 0,0.0024,True,Kruskal-Wallis + Dunn,Cliff's delta,0.1921,small
0.25 + 0,0.5 + 0.25,0.0024,True,Kruskal-Wallis + Dunn,Cliff's delta,-0.1932,small
0.5 + 0,2 + 0.25,0.0024,True,Kruskal-Wallis + Dunn,Cliff's delta,-0.1907,small
0.25 + 0,0.5 + 0.5,0.0025,True,Kruskal-Wallis + Dunn,Cliff's delta,-0.1931,small
0.5 + 0.25,auto + 0,0.0026,True,Kruskal-Wallis + Dunn,Cliff's delta,0.1911,small
0.5 + 0.25,1 + 0,0.0026,True,Kruskal-Wallis + Dunn,Cliff's delta,0.1911,small
0.5 + 0.5,1 + 0,0.0027,True,Kruskal-Wallis + Dunn,Cliff's delta,0.1907,small
0.5 + 0.5,auto + 0,0.0027,True,Kruskal-Wallis + Dunn,Cliff's delta,0.1907,small
0.5 + 0.125,2 + 0,0.0029,True,Kruskal-Wallis + Dunn,Cliff's delta,0.1888,small
0.5 + auto,2 + 0,0.0029,True,Kruskal-Wallis + Dunn,Cliff's delta,0.1903,small
0.5 + 0,0.5 + 0.125,0.003,True,Kruskal-Wallis + Dunn,Cliff's delta,-0.1899,small
0.5 + 0,0.5 + auto,0.0031,True,Kruskal-Wallis + Dunn,Cliff's delta,-0.1899,small
0.5 + 0.25,2 + 0,0.0032,True,Kruskal-Wallis + Dunn,Cliff's delta,0.1893,small
0.5 + 0.5,2 + 0,0.0033,True,Kruskal-Wallis + Dunn,Cliff's delta,0.1889,small
0.5 + 0,0.5 + 0.25,0.0034,True,Kruskal-Wallis + Dunn,Cliff's delta,-0.1895,small
0.5 + 0,0.5 + 0.5,0.0035,True,Kruskal-Wallis + Dunn,Cliff's delta,-0.1886,small
0.25 + 0,1 + 0.0625,0.0042,True,Kruskal-Wallis + Dunn,Cliff's delta,-0.1845,small
1 + 0.0625,auto + 0,0.0045,True,Kruskal-Wallis + Dunn,Cliff's delta,0.1805,small
0.25 + 0,auto + 0.0625,0.0045,True,Kruskal-Wallis + Dunn,Cliff's delta,-0.1829,small
1 + 0,1 + 0.0625,0.0045,True,Kruskal-Wallis + Dunn,Cliff's delta,-0.1805,small
0.25 + 0,2 + 0.0625,0.0046,True,Kruskal-Wallis + Dunn,Cliff's delta,-0.1828,small
1 + 0,auto + 0.0625,0.0049,True,Kruskal-Wallis + Dunn,Cliff's delta,-0.1796,small
auto + 0,auto + 0.0625,0.0049,True,Kruskal-Wallis + Dunn,Cliff's delta,-0.1796,small
1 + 0,2 + 0.0625,0.005,True,Kruskal-Wallis + Dunn,Cliff's delta,-0.1794,small
2 + 0.0625,auto + 0,0.005,True,Kruskal-Wallis + Dunn,Cliff's delta,0.1794,small
1 + 0.0625,2 + 0,0.0055,True,Kruskal-Wallis + Dunn,Cliff's delta,0.1787,small
0.5 + 0,1 + 0.0625,0.0059,True,Kruskal-Wallis + Dunn,Cliff's delta,-0.1793,small
2 + 0,auto + 0.0625,0.006,True,Kruskal-Wallis + Dunn,Cliff's delta,-0.1778,small
2 + 0,2 + 0.0625,0.0061,True,Kruskal-Wallis + Dunn,Cliff's delta,-0.1776,small
0.5 + 0,auto + 0.0625,0.0063,True,Kruskal-Wallis + Dunn,Cliff's delta,-0.1784,small
0.5 + 0,2 + 0.0625,0.0065,True,Kruskal-Wallis + Dunn,Cliff's delta,-0.1782,small
0.25 + 0,0.5 + 0.0625,0.0075,True,Kruskal-Wallis + Dunn,Cliff's delta,-0.1812,small
0.5 + 0.0625,1 + 0,0.0081,True,Kruskal-Wallis + Dunn,Cliff's delta,0.1765,small
0.5 + 0.0625,auto + 0,0.0081,True,Kruskal-Wallis + Dunn,Cliff's delta,0.1765,small
0.5 + 0.0625,2 + 0,0.0099,True,Kruskal-Wallis + Dunn,Cliff's delta,0.1747,small
0.5 + 0,0.5 + 0.0625,0.0105,True,Kruskal-Wallis + Dunn,Cliff's delta,-0.1755,small
0.25 + 0,0.25 + 0.125,0.1083,False,Kruskal-Wallis + Dunn,Cliff's delta,-0.1594,small
0.25 + 0.125,auto + 0,0.119,False,Kruskal-Wallis + Dunn,Cliff's delta,0.1579,small
0.25 + 0.125,1 + 0,0.119,False,Kruskal-Wallis + Dunn,Cliff's delta,0.1579,small
0.25 + 0,0.25 + 0.25,0.1405,False,Kruskal-Wallis + Dunn,Cliff's delta,-0.1575,small
0.25 + 0.125,2 + 0,0.1409,False,Kruskal-Wallis + Dunn,Cliff's delta,0.1561,small
0.25 + 0.125,0.5 + 0,0.1488,False,Kruskal-Wallis + Dunn,Cliff's delta,0.1542,small
0.25 + 0.25,auto + 0,0.1539,False,Kruskal-Wallis + Dunn,Cliff's delta,0.1574,small
0.25 + 0.25,1 + 0,0.1539,False,Kruskal-Wallis + Dunn,Cliff's delta,0.1574,small
0.25 + 0,0.25 + 0.5,0.1585,False,Kruskal-Wallis + Dunn,Cliff's delta,-0.1558,small
0.25 + 0,0.25 + auto,0.159,False,Kruskal-Wallis + Dunn,Cliff's delta,-0.1552,small
0.25 + 0.5,auto + 0,0.174,False,Kruskal-Wallis + Dunn,Cliff's delta,0.1552,small
0.25 + 0.5,1 + 0,0.174,False,Kruskal-Wallis + Dunn,Cliff's delta,0.1552,small
0.25 + auto,auto + 0,0.1742,False,Kruskal-Wallis + Dunn,Cliff's delta,0.1551,small
0.25 + auto,1 + 0,0.1742,False,Kruskal-Wallis + Dunn,Cliff's delta,0.1551,small
0.25 + 0.25,2 + 0,0.1799,False,Kruskal-Wallis + Dunn,Cliff's delta,0.1556,small
0.25 + 0.25,0.5 + 0,0.1897,False,Kruskal-Wallis + Dunn,Cliff's delta,0.1536,small
0.25 + 0.5,2 + 0,0.2039,False,Kruskal-Wallis + Dunn,Cliff's delta,0.1534,small
0.25 + auto,2 + 0,0.2045,False,Kruskal-Wallis + Dunn,Cliff's delta,0.1532,small
0 + 0.25,0.25 + 0,0.2081,False,Kruskal-Wallis + Dunn,Cliff's delta,0.1514,small
0.25 + 0.5,0.5 + 0,0.2141,False,Kruskal-Wallis + Dunn,Cliff's delta,0.1503,small
0.25 + auto,0.5 + 0,0.2147,False,Kruskal-Wallis + Dunn,Cliff's delta,0.1499,small
0 + 0.125,0.25 + 0,0.219,False,Kruskal-Wallis + Dunn,Cliff's delta,0.1525,small
0 + 0.25,auto + 0,0.2275,False,Kruskal-Wallis + Dunn,Cliff's delta,0.147,small
0 + 0.25,1 + 0,0.2275,False,Kruskal-Wallis + Dunn,Cliff's delta,0.147,small
0 + 0.125,1 + 0,0.24,False,Kruskal-Wallis + Dunn,Cliff's delta,0.1504,small
0 + 0.125,auto + 0,0.24,False,Kruskal-Wallis + Dunn,Cliff's delta,0.1504,small
0 + 0.25,2 + 0,0.2674,False,Kruskal-Wallis + Dunn,Cliff's delta,0.1453,negligible
0 + 0.25,0.5 + 0,0.2819,False,Kruskal-Wallis + Dunn,Cliff's delta,0.147,small
0 + 0.125,2 + 0,0.2819,False,Kruskal-Wallis + Dunn,Cliff's delta,0.1487,small
0 + 0.125,0.5 + 0,0.2971,False,Kruskal-Wallis + Dunn,Cliff's delta,0.1513,small
0.25 + 0,0.25 + 0.0625,0.365,False,Kruskal-Wallis + Dunn,Cliff's delta,-0.1439,negligible
0.25 + 0.0625,auto + 0,0.4024,False,Kruskal-Wallis + Dunn,Cliff's delta,0.1431,negligible
0.25 + 0.0625,1 + 0,0.4024,False,Kruskal-Wallis + Dunn,Cliff's delta,0.1431,negligible
0 + auto,0.25 + 0,0.47,False,Kruskal-Wallis + Dunn,Cliff's delta,0.1397,negligible
0.25 + 0.0625,2 + 0,0.47,False,Kruskal-Wallis + Dunn,Cliff's delta,0.1412,negligible
0.25 + 0.0625,0.5 + 0,0.4935,False,Kruskal-Wallis + Dunn,Cliff's delta,0.1394,negligible
0 + auto,auto + 0,0.5162,False,Kruskal-Wallis + Dunn,Cliff's delta,0.1363,negligible
0 + auto,1 + 0,0.5162,False,Kruskal-Wallis + Dunn,Cliff's delta,0.1363,negligible
0 + 0.5,0.25 + 0,0.5396,False,Kruskal-Wallis + Dunn,Cliff's delta,0.1374,negligible
0 + 0.5,1 + 0,0.5954,False,Kruskal-Wallis + Dunn,Cliff's delta,0.1337,negligible
0 + 0.5,auto + 0,0.5954,False,Kruskal-Wallis + Dunn,Cliff's delta,0.1337,negligible
0 + auto,2 + 0,0.5989,False,Kruskal-Wallis + Dunn,Cliff's delta,0.1345,negligible
0 + auto,0.5 + 0,0.6295,False,Kruskal-Wallis + Dunn,Cliff's delta,0.1309,negligible
0 + 0.5,2 + 0,0.6909,False,Kruskal-Wallis + Dunn,Cliff's delta,0.1319,negligible
0 + 0.5,0.5 + 0,0.7258,False,Kruskal-Wallis + Dunn,Cliff's delta,0.1287,negligible
0.5 + 0.125,auto + 0.5,1.0,False,Kruskal-Wallis + Dunn,Cliff's delta,-0.0039,negligible
0.5 + 0.5,1 + 0.125,1.0,False,Kruskal-Wallis + Dunn,Cliff's delta,-0.0061,negligible
0.5 + 0.25,auto + 0.125,1.0,False,Kruskal-Wallis + Dunn,Cliff's delta,-0.0066,negligible
0.5 + 0.125,auto + 0.0625,1.0,False,Kruskal-Wallis + Dunn,Cliff's delta,0.0053,negligible
0.5 + 0.5,1 + 0.25,1.0,False,Kruskal-Wallis + Dunn,Cliff's delta,-0.0049,negligible
0.5 + 0.125,auto + 0.125,1.0,False,Kruskal-Wallis + Dunn,Cliff's delta,-0.0059,negligible
2 + 0.25,auto + 0.0625,1.0,False,Kruskal-Wallis + Dunn,Cliff's delta,0.009,negligible
0.5 + 0.5,1 + 0.5,1.0,False,Kruskal-Wallis + Dunn,Cliff's delta,-0.005,negligible
0.5 + 0.125,auto + auto,1.0,False,Kruskal-Wallis + Dunn,Cliff's delta,-0.004,negligible
0.5 + 0.5,1 + auto,1.0,False,Kruskal-Wallis + Dunn,Cliff's delta,-0.0057,negligible
0.5 + 0.125,auto + 0.25,1.0,False,Kruskal-Wallis + Dunn,Cliff's delta,-0.0047,negligible
0.5 + 0.25,auto + 0.0625,1.0,False,Kruskal-Wallis + Dunn,Cliff's delta,0.0048,negligible
0.5 + 0.25,0.5 + 0.5,1.0,False,Kruskal-Wallis + Dunn,Cliff's delta,0.0002,negligible
0.5 + 0.25,auto + auto,1.0,False,Kruskal-Wallis + Dunn,Cliff's delta,-0.0054,negligible
0.5 + 0.25,auto + 0.5,1.0,False,Kruskal-Wallis + Dunn,Cliff's delta,-0.0052,negligible
0.5 + 0.25,2 + 0.25,1.0,False,Kruskal-Wallis + Dunn,Cliff's delta,-0.0039,negligible
0.5 + 0.5,0.5 + auto,1.0,False,Kruskal-Wallis + Dunn,Cliff's delta,-0.0012,negligible
0.5 + 0.25,2 + 0.125,1.0,False,Kruskal-Wallis + Dunn,Cliff's delta,-0.0057,negligible
0.5 + 0.25,2 + 0.0625,1.0,False,Kruskal-Wallis + Dunn,Cliff's delta,0.0051,negligible
0.5 + 0.25,2 + 0.5,1.0,False,Kruskal-Wallis + Dunn,Cliff's delta,-0.0041,negligible
2 + 0.25,auto + 0.5,1.0,False,Kruskal-Wallis + Dunn,Cliff's delta,-0.0008,negligible
0.5 + 0.25,1 + auto,1.0,False,Kruskal-Wallis + Dunn,Cliff's delta,-0.0057,negligible
2 + 0.25,auto + 0.25,1.0,False,Kruskal-Wallis + Dunn,Cliff's delta,-0.0016,negligible
2 + 0.25,auto + 0.125,1.0,False,Kruskal-Wallis + Dunn,Cliff's delta,-0.0023,negligible
0.5 + 0.25,2 + auto,1.0,False,Kruskal-Wallis + Dunn,Cliff's delta,-0.0056,negligible
0.5 + 0.25,1 + 0.25,1.0,False,Kruskal-Wallis + Dunn,Cliff's delta,-0.0046,negligible
0.5 + 0.25,1 + 0.125,1.0,False,Kruskal-Wallis + Dunn,Cliff's delta,-0.0057,negligible
0.5 + 0.25,1 + 0.0625,1.0,False,Kruskal-Wallis + Dunn,Cliff's delta,0.004,negligible
2 + 0.25,auto + auto,1.0,False,Kruskal-Wallis + Dunn,Cliff's delta,-0.001,negligible
0.5 + 0.25,0.5 + auto,1.0,False,Kruskal-Wallis + Dunn,Cliff's delta,-0.001,negligible
0.5 + 0.5,1 + 0.0625,1.0,False,Kruskal-Wallis + Dunn,Cliff's delta,0.0037,negligible
0.5 + 0.25,1 + 0.5,1.0,False,Kruskal-Wallis + Dunn,Cliff's delta,-0.0052,negligible
0.5 + 0.25,auto + 0.25,1.0,False,Kruskal-Wallis + Dunn,Cliff's delta,-0.0056,negligible
1 + 0.5,2 + 0.5,1.0,False,Kruskal-Wallis + Dunn,Cliff's delta,0.0011,negligible
0.5 + 0.125,2 + auto,1.0,False,Kruskal-Wallis + Dunn,Cliff's delta,-0.0041,negligible
0.5 + 0.0625,1 + 0.125,1.0,False,Kruskal-Wallis + Dunn,Cliff's delta,-0.0157,negligible
0.5 + 0.0625,1 + 0.0625,1.0,False,Kruskal-Wallis + Dunn,Cliff's delta,-0.0062,negligible
0.5 + 0.0625,0.5 + auto,1.0,False,Kruskal-Wallis + Dunn,Cliff's delta,-0.0109,negligible
0.5 + 0.0625,0.5 + 0.5,1.0,False,Kruskal-Wallis + Dunn,Cliff's delta,-0.0097,negligible
0.5 + 0.0625,0.5 + 0.25,1.0,False,Kruskal-Wallis + Dunn,Cliff's delta,-0.0102,negligible
0.5 + 0.0625,0.5 + 0.125,1.0,False,Kruskal-Wallis + Dunn,Cliff's delta,-0.0109,negligible
2 + 0.5,auto + 0.25,1.0,False,Kruskal-Wallis + Dunn,Cliff's delta,-0.0019,negligible
2 + 0.5,auto + 0.5,1.0,False,Kruskal-Wallis + Dunn,Cliff's delta,-0.0011,negligible
2 + 0.5,auto + auto,1.0,False,Kruskal-Wallis + Dunn,Cliff's delta,-0.0012,negligible
2 + auto,auto + 0.0625,1.0,False,Kruskal-Wallis + Dunn,Cliff's delta,0.01,negligible
0.5 + 0.0625,1 + 0.25,1.0,False,Kruskal-Wallis + Dunn,Cliff's delta,-0.0148,negligible
2 + auto,auto + 0.125,1.0,False,Kruskal-Wallis + Dunn,Cliff's delta,-0.0015,negligible
2 + auto,auto + 0.5,1.0,False,Kruskal-Wallis + Dunn,Cliff's delta,0.0004,negligible
2 + auto,auto + auto,1.0,False,Kruskal-Wallis + Dunn,Cliff's delta,0.0003,negligible
auto + 0.0625,auto + 0.125,1.0,False,Kruskal-Wallis + Dunn,Cliff's delta,-0.0111,negligible
auto + 0.0625,auto + 0.25,1.0,False,Kruskal-Wallis + Dunn,Cliff's delta,-0.0105,negligible
auto + 0.0625,auto + 0.5,1.0,False,Kruskal-Wallis + Dunn,Cliff's delta,-0.0095,negligible
auto + 0.0625,auto + auto,1.0,False,Kruskal-Wallis + Dunn,Cliff's delta,-0.0096,negligible
auto + 0.125,auto + 0.25,1.0,False,Kruskal-Wallis + Dunn,Cliff's delta,0.0008,negligible
auto + 0.125,auto + 0.5,1.0,False,Kruskal-Wallis + Dunn,Cliff's delta,0.0018,negligible
auto + 0.125,auto + auto,1.0,False,Kruskal-Wallis + Dunn,Cliff's delta,0.0018,negligible
auto + 0.25,auto + 0.5,1.0,False,Kruskal-Wallis + Dunn,Cliff's delta,0.0008,negligible
2 + auto,auto + 0.25,1.0,False,Kruskal-Wallis + Dunn,Cliff's delta,-0.0004,negligible
0.5 + 0.0625,1 + 0.5,1.0,False,Kruskal-Wallis + Dunn,Cliff's delta,-0.0151,negligible
0.5 + 0.0625,1 + auto,1.0,False,Kruskal-Wallis + Dunn,Cliff's delta,-0.0154,negligible
0.5 + 0.0625,2 + 0.0625,1.0,False,Kruskal-Wallis + Dunn,Cliff's delta,-0.0051,negligible
0.5 + 0.125,2 + 0.5,1.0,False,Kruskal-Wallis + Dunn,Cliff's delta,-0.0029,negligible
0.5 + 0.125,2 + 0.25,1.0,False,Kruskal-Wallis + Dunn,Cliff's delta,-0.003,negligible
0.5 + 0.125,2 + 0.125,1.0,False,Kruskal-Wallis + Dunn,Cliff's delta,-0.0047,negligible
0.5 + 0.125,2 + 0.0625,1.0,False,Kruskal-Wallis + Dunn,Cliff's delta,0.0056,negligible
2 + 0.5,auto + 0.0625,1.0,False,Kruskal-Wallis + Dunn,Cliff's delta,0.0085,negligible
0.5 + 0.125,1 + auto,1.0,False,Kruskal-Wallis + Dunn,Cliff's delta,-0.0042,negligible
0.5 + 0.125,1 + 0.5,1.0,False,Kruskal-Wallis + Dunn,Cliff's delta,-0.0038,negligible
0.5 + 0.125,1 + 0.25,1.0,False,Kruskal-Wallis + Dunn,Cliff's delta,-0.0037,negligible
0.5 + 0.125,1 + 0.125,1.0,False,Kruskal-Wallis + Dunn,Cliff's delta,-0.0049,negligible
0.5 + 0.125,1 + 0.0625,1.0,False,Kruskal-Wallis + Dunn,Cliff's delta,0.0047,negligible
2 + 0.5,auto + 0.125,1.0,False,Kruskal-Wallis + Dunn,Cliff's delta,-0.0028,negligible
0.5 + 0.125,0.5 + auto,1.0,False,Kruskal-Wallis + Dunn,Cliff's delta,0.0003,negligible
0.5 + 0.125,0.5 + 0.5,1.0,False,Kruskal-Wallis + Dunn,Cliff's delta,0.0014,negligible
0.5 + 0.125,0.5 + 0.25,1.0,False,Kruskal-Wallis + Dunn,Cliff's delta,0.0012,negligible
0.5 + 0.0625,auto + auto,1.0,False,Kruskal-Wallis + Dunn,Cliff's delta,-0.0151,negligible
0.5 + 0.0625,auto + 0.5,1.0,False,Kruskal-Wallis + Dunn,Cliff's delta,-0.0151,negligible
0.5 + 0.0625,auto + 0.25,1.0,False,Kruskal-Wallis + Dunn,Cliff's delta,-0.0157,negligible
0.5 + 0.0625,auto + 0.125,1.0,False,Kruskal-Wallis + Dunn,Cliff's delta,-0.0166,negligible
0.5 + 0.0625,auto + 0.0625,1.0,False,Kruskal-Wallis + Dunn,Cliff's delta,-0.0053,negligible
0.5 + 0.0625,2 + auto,1.0,False,Kruskal-Wallis + Dunn,Cliff's delta,-0.0154,negligible
0.5 + 0.0625,2 + 0.5,1.0,False,Kruskal-Wallis + Dunn,Cliff's delta,-0.014,negligible
0.5 + 0.0625,2 + 0.25,1.0,False,Kruskal-Wallis + Dunn,Cliff's delta,-0.014,negligible
0.5 + 0.0625,2 + 0.125,1.0,False,Kruskal-Wallis + Dunn,Cliff's delta,-0.0156,negligible
2 + 0.5,2 + auto,1.0,False,Kruskal-Wallis + Dunn,Cliff's delta,-0.0015,negligible
0.5 + 0.5,2 + 0.0625,1.0,False,Kruskal-Wallis + Dunn,Cliff's delta,0.0047,negligible
0.5 + auto,1 + 0.25,1.0,False,Kruskal-Wallis + Dunn,Cliff's delta,-0.0036,negligible
0.5 + 0.5,2 + 0.25,1.0,False,Kruskal-Wallis + Dunn,Cliff's delta,-0.0041,negligible
1 + 0.125,2 + 0.25,1.0,False,Kruskal-Wallis + Dunn,Cliff's delta,0.0014,negligible
1 + 0.125,2 + 0.125,1.0,False,Kruskal-Wallis + Dunn,Cliff's delta,0.0003,negligible
1 + 0.125,2 + 0.0625,1.0,False,Kruskal-Wallis + Dunn,Cliff's delta,0.0104,negligible
1 + 0.125,1 + auto,1.0,False,Kruskal-Wallis + Dunn,Cliff's delta,0.0005,negligible
1 + 0.125,1 + 0.5,1.0,False,Kruskal-Wallis + Dunn,Cliff's delta,0.001,negligible
1 + 0.125,1 + 0.25,1.0,False,Kruskal-Wallis + Dunn,Cliff's delta,0.0008,negligible
1 + 0.0625,auto + auto,1.0,False,Kruskal-Wallis + Dunn,Cliff's delta,-0.0089,negligible
1 + 0.0625,auto + 0.5,1.0,False,Kruskal-Wallis + Dunn,Cliff's delta,-0.0087,negligible
1 + 0.0625,auto + 0.25,1.0,False,Kruskal-Wallis + Dunn,Cliff's delta,-0.0098,negligible
1 + 0.0625,auto + 0.125,1.0,False,Kruskal-Wallis + Dunn,Cliff's delta,-0.0104,negligible
1 + 0.125,2 + 0.5,1.0,False,Kruskal-Wallis + Dunn,Cliff's delta,0.0019,negligible
1 + 0.0625,auto + 0.0625,1.0,False,Kruskal-Wallis + Dunn,Cliff's delta,0.0007,negligible
1 + 0.0625,2 + auto,1.0,False,Kruskal-Wallis + Dunn,Cliff's delta,-0.0092,negligible
1 + 0.0625,2 + 0.5,1.0,False,Kruskal-Wallis + Dunn,Cliff's delta,-0.0078,negligible
1 + 0.0625,2 + 0.25,1.0,False,Kruskal-Wallis + Dunn,Cliff's delta,-0.0083,negligible
1 + 0.0625,2 + 0.125,1.0,False,Kruskal-Wallis + Dunn,Cliff's delta,-0.0093,negligible
1 + 0.0625,2 + 0.0625,1.0,False,Kruskal-Wallis + Dunn,Cliff's delta,0.001,negligible
1 + 0.5,auto + auto,1.0,False,Kruskal-Wallis + Dunn,Cliff's delta,-0.0002,negligible
1 + 0.0625,1 + auto,1.0,False,Kruskal-Wallis + Dunn,Cliff's delta,-0.0092,negligible
1 + 0.0625,1 + 0.5,1.0,False,Kruskal-Wallis + Dunn,Cliff's delta,-0.0088,negligible
1 + 0.0625,1 + 0.25,1.0,False,Kruskal-Wallis + Dunn,Cliff's delta,-0.0088,negligible
1 + 0.0625,1 + 0.125,1.0,False,Kruskal-Wallis + Dunn,Cliff's delta,-0.0095,negligible
1 + 0.5,auto + 0.5,1.0,False,Kruskal-Wallis + Dunn,Cliff's delta,-0.0,negligible
1 + 0.125,2 + auto,1.0,False,Kruskal-Wallis + Dunn,Cliff's delta,0.0006,negligible
1 + 0.5,auto + 0.25,1.0,False,Kruskal-Wallis + Dunn,Cliff's delta,-0.0008,negligible
1 + 0.125,auto + 0.0625,1.0,False,Kruskal-Wallis + Dunn,Cliff's delta,0.0102,negligible
1 + 0.5,2 + 0.25,1.0,False,Kruskal-Wallis + Dunn,Cliff's delta,0.0009,negligible
1 + 0.5,2 + 0.125,1.0,False,Kruskal-Wallis + Dunn,Cliff's delta,-0.0007,negligible
1 + 0.5,2 + 0.0625,1.0,False,Kruskal-Wallis + Dunn,Cliff's delta,0.0099,negligible
1 + 0.5,2 + auto,1.0,False,Kruskal-Wallis + Dunn,Cliff's delta,-0.0004,negligible
1 + 0.5,1 + auto,1.0,False,Kruskal-Wallis + Dunn,Cliff's delta,-0.0007,negligible
1 + 0.25,auto + auto,1.0,False,Kruskal-Wallis + Dunn,Cliff's delta,-0.0003,negligible
1 + 0.25,auto + 0.5,1.0,False,Kruskal-Wallis + Dunn,Cliff's delta,-0.0002,negligible
1 + 0.25,auto + 0.25,1.0,False,Kruskal-Wallis + Dunn,Cliff's delta,-0.001,negligible
1 + 0.25,auto + 0.125,1.0,False,Kruskal-Wallis + Dunn,Cliff's delta,-0.0017,negligible
1 + 0.25,auto + 0.0625,1.0,False,Kruskal-Wallis + Dunn,Cliff's delta,0.0096,negligible
1 + 0.5,auto + 0.0625,1.0,False,Kruskal-Wallis + Dunn,Cliff's delta,0.0097,negligible
1 + 0.25,2 + auto,1.0,False,Kruskal-Wallis + Dunn,Cliff's delta,-0.0007,negligible
1 + 0.25,2 + 0.5,1.0,False,Kruskal-Wallis + Dunn,Cliff's delta,0.0009,negligible
1 + 0.25,2 + 0.25,1.0,False,Kruskal-Wallis + Dunn,Cliff's delta,0.0006,negligible
1 + 0.25,2 + 0.125,1.0,False,Kruskal-Wallis + Dunn,Cliff's delta,-0.0006,negligible
1 + 0.25,2 + 0.0625,1.0,False,Kruskal-Wallis + Dunn,Cliff's delta,0.0098,negligible
1 + 0.5,auto + 0.125,1.0,False,Kruskal-Wallis + Dunn,Cliff's delta,-0.0018,negligible
1 + 0.25,1 + auto,1.0,False,Kruskal-Wallis + Dunn,Cliff's delta,-0.0009,negligible
1 + 0.25,1 + 0.5,1.0,False,Kruskal-Wallis + Dunn,Cliff's delta,-0.0002,negligible
1 + 0.125,auto + auto,1.0,False,Kruskal-Wallis + Dunn,Cliff's delta,0.0008,negligible
1 + 0.125,auto + 0.5,1.0,False,Kruskal-Wallis + Dunn,Cliff's delta,0.0009,negligible
1 + 0.125,auto + 0.25,1.0,False,Kruskal-Wallis + Dunn,Cliff's delta,-0.0002,negligible
1 + 0.125,auto + 0.125,1.0,False,Kruskal-Wallis + Dunn,Cliff's delta,-0.001,negligible
1 + auto,2 + 0.0625,1.0,False,Kruskal-Wallis + Dunn,Cliff's delta,0.0102,negligible
0.5 + 0.5,2 + 0.125,1.0,False,Kruskal-Wallis + Dunn,Cliff's delta,-0.0058,negligible
1 + auto,2 + 0.125,1.0,False,Kruskal-Wallis + Dunn,Cliff's delta,-0.0002,negligible
1 + auto,2 + 0.5,1.0,False,Kruskal-Wallis + Dunn,Cliff's delta,0.0017,negligible
0.5 + auto,auto + 0.125,1.0,False,Kruskal-Wallis + Dunn,Cliff's delta,-0.0057,negligible
0.5 + auto,auto + 0.0625,1.0,False,Kruskal-Wallis + Dunn,Cliff's delta,0.0057,negligible
2 + 0.125,auto + 0.5,1.0,False,Kruskal-Wallis + Dunn,Cliff's delta,0.0006,negligible
0.5 + auto,2 + auto,1.0,False,Kruskal-Wallis + Dunn,Cliff's delta,-0.0043,negligible
0.5 + auto,2 + 0.5,1.0,False,Kruskal-Wallis + Dunn,Cliff's delta,-0.0029,negligible
0.5 + auto,2 + 0.25,1.0,False,Kruskal-Wallis + Dunn,Cliff's delta,-0.0029,negligible
0.5 + auto,2 + 0.125,1.0,False,Kruskal-Wallis + Dunn,Cliff's delta,-0.0047,negligible
0.5 + auto,2 + 0.0625,1.0,False,Kruskal-Wallis + Dunn,Cliff's delta,0.0059,negligible
2 + 0.125,auto + auto,1.0,False,Kruskal-Wallis + Dunn,Cliff's delta,0.0005,negligible
0.5 + auto,1 + auto,1.0,False,Kruskal-Wallis + Dunn,Cliff's delta,-0.0046,negligible
0.5 + auto,auto + 0.25,1.0,False,Kruskal-Wallis + Dunn,Cliff's delta,-0.0046,negligible
0.5 + auto,1 + 0.5,1.0,False,Kruskal-Wallis + Dunn,Cliff's delta,-0.0039,negligible
0.5 + auto,1 + 0.0625,1.0,False,Kruskal-Wallis + Dunn,Cliff's delta,0.0049,negligible
2 + 0.25,2 + 0.5,1.0,False,Kruskal-Wallis + Dunn,Cliff's delta,0.0002,negligible
0.5 + 0.5,auto + auto,1.0,False,Kruskal-Wallis + Dunn,Cliff's delta,-0.0054,negligible
0.5 + 0.5,auto + 0.5,1.0,False,Kruskal-Wallis + Dunn,Cliff's delta,-0.0052,negligible
0.5 + 0.5,auto + 0.25,1.0,False,Kruskal-Wallis + Dunn,Cliff's delta,-0.0057,negligible
0.5 + 0.5,auto + 0.125,1.0,False,Kruskal-Wallis + Dunn,Cliff's delta,-0.007,negligible
0.5 + 0.5,auto + 0.0625,1.0,False,Kruskal-Wallis + Dunn,Cliff's delta,0.0044,negligible
2 + 0.25,2 + auto,1.0,False,Kruskal-Wallis + Dunn,Cliff's delta,-0.0013,negligible
0.5 + 0.5,2 + auto,1.0,False,Kruskal-Wallis + Dunn,Cliff's delta,-0.0054,negligible
0.5 + 0.5,2 + 0.5,1.0,False,Kruskal-Wallis + Dunn,Cliff's delta,-0.0042,negligible
0.5 + auto,1 + 0.125,1.0,False,Kruskal-Wallis + Dunn,Cliff's delta,-0.0048,negligible
0.5 + auto,auto + 0.5,1.0,False,Kruskal-Wallis + Dunn,Cliff's delta,-0.004,negligible
0.5 + auto,auto + auto,1.0,False,Kruskal-Wallis + Dunn,Cliff's delta,-0.0042,negligible
2 + 0.125,auto + 0.25,1.0,False,Kruskal-Wallis + Dunn,Cliff's delta,-0.0004,negligible
1 + 0,auto + 0,1.0,False,Kruskal-Wallis + Dunn,Cliff's delta,0.0,negligible
1 + auto,2 + auto,1.0,False,Kruskal-Wallis + Dunn,Cliff's delta,0.0002,negligible
1 + auto,auto + 0.0625,1.0,False,Kruskal-Wallis + Dunn,Cliff's delta,0.01,negligible
1 + auto,auto + 0.125,1.0,False,Kruskal-Wallis + Dunn,Cliff's delta,-0.0015,negligible
1 + auto,auto + 0.25,1.0,False,Kruskal-Wallis + Dunn,Cliff's delta,-0.0002,negligible
1 + auto,auto + 0.5,1.0,False,Kruskal-Wallis + Dunn,Cliff's delta,0.0006,negligible
1 + auto,auto + auto,1.0,False,Kruskal-Wallis + Dunn,Cliff's delta,0.0005,negligible
2 + 0,auto + 0,1.0,False,Kruskal-Wallis + Dunn,Cliff's delta,0.002,negligible
2 + 0.0625,2 + 0.125,1.0,False,Kruskal-Wallis + Dunn,Cliff's delta,-0.0102,negligible
2 + 0.0625,2 + 0.25,1.0,False,Kruskal-Wallis + Dunn,Cliff's delta,-0.0093,negligible
2 + 0.0625,2 + 0.5,1.0,False,Kruskal-Wallis + Dunn,Cliff's delta,-0.0088,negligible
2 + 0.0625,2 + auto,1.0,False,Kruskal-Wallis + Dunn,Cliff's delta,-0.0102,negligible
2 + 0.0625,auto + 0.0625,1.0,False,Kruskal-Wallis + Dunn,Cliff's delta,-0.0003,negligible
2 + 0.0625,auto + 0.125,1.0,False,Kruskal-Wallis + Dunn,Cliff's delta,-0.0114,negligible
2 + 0.0625,auto + 0.25,1.0,False,Kruskal-Wallis + Dunn,Cliff's delta,-0.0108,negligible
2 + 0.0625,auto + 0.5,1.0,False,Kruskal-Wallis + Dunn,Cliff's delta,-0.0098,negligible
2 + 0.0625,auto + auto,1.0,False,Kruskal-Wallis + Dunn,Cliff's delta,-0.0099,negligible
2 + 0.125,2 + 0.25,1.0,False,Kruskal-Wallis + Dunn,Cliff's delta,0.0011,negligible
2 + 0.125,2 + 0.5,1.0,False,Kruskal-Wallis + Dunn,Cliff's delta,0.0016,negligible
1 + 0,2 + 0,1.0,False,Kruskal-Wallis + Dunn,Cliff's delta,-0.002,negligible
2 + 0.125,2 + auto,1.0,False,Kruskal-Wallis + Dunn,Cliff's delta,0.0004,negligible
2 + 0.125,auto + 0.0625,1.0,False,Kruskal-Wallis + Dunn,Cliff's delta,0.01,negligible
2 + 0.125,auto + 0.125,1.0,False,Kruskal-Wallis + Dunn,Cliff's delta,-0.0012,negligible
1 + auto,2 + 0.25,1.0,False,Kruskal-Wallis + Dunn,Cliff's delta,0.0015,negligible
0 + 0.0625,0 + 0.125,1.0,False,Kruskal-Wallis + Dunn,Cliff's delta,-0.0229,negligible
0.25 + auto,0.5 + 0.125,1.0,False,Kruskal-Wallis + Dunn,Cliff's delta,-0.042,negligible
0.5 + 0,2 + 0,1.0,False,Kruskal-Wallis + Dunn,Cliff's delta,0.0045,negligible
0 + 0.5,0.25 + 0.5,1.0,False,Kruskal-Wallis + Dunn,Cliff's delta,-0.0135,negligible
0 + 0.5,0.25 + 0.25,1.0,False,Kruskal-Wallis + Dunn,Cliff's delta,-0.0164,negligible
0 + 0.5,0.25 + 0.125,1.0,False,Kruskal-Wallis + Dunn,Cliff's delta,-0.0198,negligible
0 + 0.5,0.25 + 0.0625,1.0,False,Kruskal-Wallis + Dunn,Cliff's delta,-0.0054,negligible
0 + 0.5,0 + auto,1.0,False,Kruskal-Wallis + Dunn,Cliff's delta,-0.0023,negligible
0 + 0.25,auto + auto,1.0,False,Kruskal-Wallis + Dunn,Cliff's delta,-0.0524,negligible
0 + 0.25,auto + 0.5,1.0,False,Kruskal-Wallis + Dunn,Cliff's delta,-0.0517,negligible
0 + 0.25,auto + 0.25,1.0,False,Kruskal-Wallis + Dunn,Cliff's delta,-0.0515,negligible
0 + 0.25,auto + 0.125,1.0,False,Kruskal-Wallis + Dunn,Cliff's delta,-0.0538,negligible
0 + 0.25,auto + 0.0625,1.0,False,Kruskal-Wallis + Dunn,Cliff's delta,-0.043,negligible
0 + 0.25,2 + auto,1.0,False,Kruskal-Wallis + Dunn,Cliff's delta,-0.0519,negligible
0 + 0.25,2 + 0.5,1.0,False,Kruskal-Wallis + Dunn,Cliff's delta,-0.0509,negligible
0 + 0.25,2 + 0.25,1.0,False,Kruskal-Wallis + Dunn,Cliff's delta,-0.05,negligible
0 + 0.5,0.25 + auto,1.0,False,Kruskal-Wallis + Dunn,Cliff's delta,-0.0138,negligible
0 + 0.25,2 + 0.125,1.0,False,Kruskal-Wallis + Dunn,Cliff's delta,-0.0527,negligible
0 + 0.25,1 + auto,1.0,False,Kruskal-Wallis + Dunn,Cliff's delta,-0.0521,negligible
0 + 0.25,1 + 0.5,1.0,False,Kruskal-Wallis + Dunn,Cliff's delta,-0.0516,negligible
0 + 0.25,1 + 0.25,1.0,False,Kruskal-Wallis + Dunn,Cliff's delta,-0.0503,negligible
0 + 0.25,1 + 0.125,1.0,False,Kruskal-Wallis + Dunn,Cliff's delta,-0.0528,negligible
0 + 0.25,1 + 0.0625,1.0,False,Kruskal-Wallis + Dunn,Cliff's delta,-0.0434,negligible
0 + 0.25,0.5 + auto,1.0,False,Kruskal-Wallis + Dunn,Cliff's delta,-0.0448,negligible
0 + 0.25,0.5 + 0.5,1.0,False,Kruskal-Wallis + Dunn,Cliff's delta,-0.0438,negligible
0 + 0.25,0.5 + 0.25,1.0,False,Kruskal-Wallis + Dunn,Cliff's delta,-0.044,negligible
0 + 0.25,0.5 + 0.125,1.0,False,Kruskal-Wallis + Dunn,Cliff's delta,-0.0469,negligible
0 + 0.25,0.5 + 0.0625,1.0,False,Kruskal-Wallis + Dunn,Cliff's delta,-0.0366,negligible
0 + 0.25,0.25 + auto,1.0,False,Kruskal-Wallis + Dunn,Cliff's delta,-0.0026,negligible
0 + 0.25,0.25 + 0.5,1.0,False,Kruskal-Wallis + Dunn,Cliff's delta,-0.0026,negligible
0 + 0.25,0.25 + 0.25,1.0,False,Kruskal-Wallis + Dunn,Cliff's delta,-0.0041,negligible
0 + 0.25,2 + 0.0625,1.0,False,Kruskal-Wallis + Dunn,Cliff's delta,-0.0427,negligible
0 + 0.25,0.25 + 0.125,1.0,False,Kruskal-Wallis + Dunn,Cliff's delta,-0.0084,negligible
0 + 0.5,0.5 + 0.0625,1.0,False,Kruskal-Wallis + Dunn,Cliff's delta,-0.0473,negligible
0 + 0.5,0.5 + 0.25,1.0,False,Kruskal-Wallis + Dunn,Cliff's delta,-0.0559,negligible
0 + auto,1 + 0.0625,1.0,False,Kruskal-Wallis + Dunn,Cliff's delta,-0.0508,negligible
0 + auto,0.5 + auto,1.0,False,Kruskal-Wallis + Dunn,Cliff's delta,-0.0548,negligible
0 + auto,0.5 + 0.5,1.0,False,Kruskal-Wallis + Dunn,Cliff's delta,-0.0534,negligible
0 + auto,0.5 + 0.25,1.0,False,Kruskal-Wallis + Dunn,Cliff's delta,-0.0541,negligible
0 + auto,0.5 + 0.125,1.0,False,Kruskal-Wallis + Dunn,Cliff's delta,-0.0568,negligible
0 + auto,0.5 + 0.0625,1.0,False,Kruskal-Wallis + Dunn,Cliff's delta,-0.0457,negligible
0 + auto,0.25 + auto,1.0,False,Kruskal-Wallis + Dunn,Cliff's delta,-0.012,negligible
0 + auto,0.25 + 0.5,1.0,False,Kruskal-Wallis + Dunn,Cliff's delta,-0.0117,negligible
0 + auto,0.25 + 0.25,1.0,False,Kruskal-Wallis + Dunn,Cliff's delta,-0.0146,negligible
0 + auto,0.25 + 0.125,1.0,False,Kruskal-Wallis + Dunn,Cliff's delta,-0.018,negligible
0 + auto,0.25 + 0.0625,1.0,False,Kruskal-Wallis + Dunn,Cliff's delta,-0.0036,negligible
0 + 0.5,auto + auto,1.0,False,Kruskal-Wallis + Dunn,Cliff's delta,-0.0623,negligible
0 + 0.5,auto + 0.5,1.0,False,Kruskal-Wallis + Dunn,Cliff's delta,-0.0612,negligible
0 + 0.5,0.5 + 0.125,1.0,False,Kruskal-Wallis + Dunn,Cliff's delta,-0.0583,negligible
0 + 0.5,auto + 0.25,1.0,False,Kruskal-Wallis + Dunn,Cliff's delta,-0.06,negligible
0 + 0.5,auto + 0.0625,1.0,False,Kruskal-Wallis + Dunn,Cliff's delta,-0.0518,negligible
0 + 0.5,2 + auto,1.0,False,Kruskal-Wallis + Dunn,Cliff's delta,-0.0618,negligible
0 + 0.5,2 + 0.5,1.0,False,Kruskal-Wallis + Dunn,Cliff's delta,-0.0605,negligible
0 + 0.5,2 + 0.25,1.0,False,Kruskal-Wallis + Dunn,Cliff's delta,-0.0584,negligible
0 + 0.5,2 + 0.125,1.0,False,Kruskal-Wallis + Dunn,Cliff's delta,-0.0617,negligible
0 + 0.5,2 + 0.0625,1.0,False,Kruskal-Wallis + Dunn,Cliff's delta,-0.0515,negligible
0 + 0.5,1 + auto,1.0,False,Kruskal-Wallis + Dunn,Cliff's delta,-0.0622,negligible
0 + 0.5,1 + 0.5,1.0,False,Kruskal-Wallis + Dunn,Cliff's delta,-0.0617,negligible
0 + 0.5,1 + 0.25,1.0,False,Kruskal-Wallis + Dunn,Cliff's delta,-0.0591,negligible
0 + 0.5,1 + 0.125,1.0,False,Kruskal-Wallis + Dunn,Cliff's delta,-0.0624,negligible
0 + 0.5,1 + 0.0625,1.0,False,Kruskal-Wallis + Dunn,Cliff's delta,-0.0522,negligible
0 + 0.5,0.5 + auto,1.0,False,Kruskal-Wallis + Dunn,Cliff's delta,-0.0564,negligible
0 + 0.5,0.5 + 0.5,1.0,False,Kruskal-Wallis + Dunn,Cliff's delta,-0.055,negligible
0 + 0.5,auto + 0.125,1.0,False,Kruskal-Wallis + Dunn,Cliff's delta,-0.0632,negligible
0 + 0.25,0.25 + 0.0625,1.0,False,Kruskal-Wallis + Dunn,Cliff's delta,0.0065,negligible
0 + 0.25,0 + auto,1.0,False,Kruskal-Wallis + Dunn,Cliff's delta,0.0136,negligible
0 + 0.25,0 + 0.5,1.0,False,Kruskal-Wallis + Dunn,Cliff's delta,0.015,negligible
0 + 0.0625,auto + 0,1.0,False,Kruskal-Wallis + Dunn,Cliff's delta,0.1253,negligible
0 + 0.0625,2 + auto,1.0,False,Kruskal-Wallis + Dunn,Cliff's delta,-0.0728,negligible
0 + 0.0625,2 + 0.5,1.0,False,Kruskal-Wallis + Dunn,Cliff's delta,-0.0719,negligible
0 + 0.0625,2 + 0.25,1.0,False,Kruskal-Wallis + Dunn,Cliff's delta,-0.0704,negligible
0 + 0.0625,2 + 0.125,1.0,False,Kruskal-Wallis + Dunn,Cliff's delta,-0.0726,negligible
0 + 0.0625,2 + 0.0625,1.0,False,Kruskal-Wallis + Dunn,Cliff's delta,-0.0617,negligible
0 + 0.0625,2 + 0,1.0,False,Kruskal-Wallis + Dunn,Cliff's delta,0.1235,negligible
0 + 0.0625,1 + auto,1.0,False,Kruskal-Wallis + Dunn,Cliff's delta,-0.074,negligible
0 + 0.0625,1 + 0.5,1.0,False,Kruskal-Wallis + Dunn,Cliff's delta,-0.0731,negligible
0 + 0.0625,1 + 0.25,1.0,False,Kruskal-Wallis + Dunn,Cliff's delta,-0.0708,negligible
0 + 0.0625,1 + 0.125,1.0,False,Kruskal-Wallis + Dunn,Cliff's delta,-0.0724,negligible
0 + 0.0625,1 + 0.0625,1.0,False,Kruskal-Wallis + Dunn,Cliff's delta,-0.0624,negligible
0 + 0.0625,1 + 0,1.0,False,Kruskal-Wallis + Dunn,Cliff's delta,0.1253,negligible
0 + 0.0625,auto + 0.0625,1.0,False,Kruskal-Wallis + Dunn,Cliff's delta,-0.0617,negligible
0 + 0.0625,0.5 + auto,1.0,False,Kruskal-Wallis + Dunn,Cliff's delta,-0.0686,negligible
0 + 0.0625,0.5 + 0.25,1.0,False,Kruskal-Wallis + Dunn,Cliff's delta,-0.0664,negligible
0 + 0.0625,0.5 + 0.125,1.0,False,Kruskal-Wallis + Dunn,Cliff's delta,-0.069,negligible
0 + 0.0625,0.5 + 0.0625,1.0,False,Kruskal-Wallis + Dunn,Cliff's delta,-0.0575,negligible
0 + 0.0625,0.5 + 0,1.0,False,Kruskal-Wallis + Dunn,Cliff's delta,0.1232,negligible
0 + 0.0625,0.25 + auto,1.0,False,Kruskal-Wallis + Dunn,Cliff's delta,-0.026,negligible
0 + 0.0625,0.25 + 0.5,1.0,False,Kruskal-Wallis + Dunn,Cliff's delta,-0.0262,negligible
0 + 0.0625,0.25 + 0.25,1.0,False,Kruskal-Wallis + Dunn,Cliff's delta,-0.0284,negligible
0 + 0.0625,0.25 + 0.125,1.0,False,Kruskal-Wallis + Dunn,Cliff's delta,-0.0316,negligible
0 + 0.0625,0.25 + 0.0625,1.0,False,Kruskal-Wallis + Dunn,Cliff's delta,-0.0177,negligible
0 + 0.0625,0.25 + 0,1.0,False,Kruskal-Wallis + Dunn,Cliff's delta,0.1354,negligible
0 + 0.0625,0 + auto,1.0,False,Kruskal-Wallis + Dunn,Cliff's delta,-0.0086,negligible
0 + 0.0625,0 + 0.5,1.0,False,Kruskal-Wallis + Dunn,Cliff's delta,-0.0065,negligible
0 + 0.0625,0 + 0.25,1.0,False,Kruskal-Wallis + Dunn,Cliff's delta,-0.0209,negligible
0 + 0.0625,0.5 + 0.5,1.0,False,Kruskal-Wallis + Dunn,Cliff's delta,-0.0677,negligible
0 + 0.0625,auto + 0.125,1.0,False,Kruskal-Wallis + Dunn,Cliff's delta,-0.073,negligible
0 + 0.0625,auto + 0.25,1.0,False,Kruskal-Wallis + Dunn,Cliff's delta,-0.072,negligible
0 + 0.0625,auto + 0.5,1.0,False,Kruskal-Wallis + Dunn,Cliff's delta,-0.0728,negligible
0 + 0.125,auto + auto,1.0,False,Kruskal-Wallis + Dunn,Cliff's delta,-0.0541,negligible
0 + 0.125,auto + 0.5,1.0,False,Kruskal-Wallis + Dunn,Cliff's delta,-0.0536,negligible
0 + 0.125,auto + 0.25,1.0,False,Kruskal-Wallis + Dunn,Cliff's delta,-0.0532,negligible
0 + 0.125,auto + 0.125,1.0,False,Kruskal-Wallis + Dunn,Cliff's delta,-0.0561,negligible
0 + 0.125,auto + 0.0625,1.0,False,Kruskal-Wallis + Dunn,Cliff's delta,-0.0439,negligible
0 + 0.125,2 + auto,1.0,False,Kruskal-Wallis + Dunn,Cliff's delta,-0.0536,negligible
0 + 0.125,2 + 0.5,1.0,False,Kruskal-Wallis + Dunn,Cliff's delta,-0.0529,negligible
0 + 0.125,2 + 0.25,1.0,False,Kruskal-Wallis + Dunn,Cliff's delta,-0.0512,negligible
0 + 0.125,2 + 0.125,1.0,False,Kruskal-Wallis + Dunn,Cliff's delta,-0.0548,negligible
0 + 0.125,2 + 0.0625,1.0,False,Kruskal-Wallis + Dunn,Cliff's delta,-0.0437,negligible
0 + 0.125,1 + auto,1.0,False,Kruskal-Wallis + Dunn,Cliff's delta,-0.0542,negligible
0 + 0.125,1 + 0.5,1.0,False,Kruskal-Wallis + Dunn,Cliff's delta,-0.0535,negligible
0 + 0.125,1 + 0.25,1.0,False,Kruskal-Wallis + Dunn,Cliff's delta,-0.0518,negligible
0 + 0.125,1 + 0.125,1.0,False,Kruskal-Wallis + Dunn,Cliff's delta,-0.0554,negligible
0 + 0.125,1 + 0.0625,1.0,False,Kruskal-Wallis + Dunn,Cliff's delta,-0.0443,negligible
0 + 0.125,0.5 + auto,1.0,False,Kruskal-Wallis + Dunn,Cliff's delta,-0.0478,negligible
0 + 0.125,0.5 + 0.5,1.0,False,Kruskal-Wallis + Dunn,Cliff's delta,-0.0468,negligible
0 + 0.125,0.5 + 0.25,1.0,False,Kruskal-Wallis + Dunn,Cliff's delta,-0.046,negligible
0 + 0.125,0.5 + 0.125,1.0,False,Kruskal-Wallis + Dunn,Cliff's delta,-0.0502,negligible
0 + 0.125,0.5 + 0.0625,1.0,False,Kruskal-Wallis + Dunn,Cliff's delta,-0.0373,negligible
0 + 0.125,0.25 + auto,1.0,False,Kruskal-Wallis + Dunn,Cliff's delta,-0.0037,negligible
0 + 0.125,0.25 + 0.5,1.0,False,Kruskal-Wallis + Dunn,Cliff's delta,-0.0035,negligible
0 + 0.125,0.25 + 0.25,1.0,False,Kruskal-Wallis + Dunn,Cliff's delta,-0.0061,negligible
0 + 0.125,0.25 + 0.125,1.0,False,Kruskal-Wallis + Dunn,Cliff's delta,-0.0084,negligible
0 + 0.125,0.25 + 0.0625,1.0,False,Kruskal-Wallis + Dunn,Cliff's delta,0.0045,negligible
0 + 0.125,0 + auto,1.0,False,Kruskal-Wallis + Dunn,Cliff's delta,0.0141,negligible
0 + 0.125,0 + 0.5,1.0,False,Kruskal-Wallis + Dunn,Cliff's delta,0.0154,negligible
0 + 0.125,0 + 0.25,1.0,False,Kruskal-Wallis + Dunn,Cliff's delta,0.0002,negligible
0 + 0.0625,auto + auto,1.0,False,Kruskal-Wallis + Dunn,Cliff's delta,-0.0734,negligible
0 + auto,1 + 0.125,1.0,False,Kruskal-Wallis + Dunn,Cliff's delta,-0.061,negligible
0.5 + 0,auto + 0,1.0,False,Kruskal-Wallis + Dunn,Cliff's delta,0.0064,negligible
0 + auto,1 + 0.25,1.0,False,Kruskal-Wallis + Dunn,Cliff's delta,-0.0573,negligible
0 + auto,1 + auto,1.0,False,Kruskal-Wallis + Dunn,Cliff's delta,-0.0607,negligible
0.25 + 0.5,1 + 0.5,1.0,False,Kruskal-Wallis + Dunn,Cliff's delta,-0.0451,negligible
0.25 + 0.5,1 + 0.25,1.0,False,Kruskal-Wallis + Dunn,Cliff's delta,-0.0442,negligible
0.25 + 0.5,1 + 0.125,1.0,False,Kruskal-Wallis + Dunn,Cliff's delta,-0.0453,negligible
0.25 + 0.5,1 + 0.0625,1.0,False,Kruskal-Wallis + Dunn,Cliff's delta,-0.0344,negligible
0.25 + 0.5,0.5 + auto,1.0,False,Kruskal-Wallis + Dunn,Cliff's delta,-0.0418,negligible
0.25 + 0.5,0.5 + 0.5,1.0,False,Kruskal-Wallis + Dunn,Cliff's delta,-0.0405,negligible
0.25 + 0.5,0.5 + 0.25,1.0,False,Kruskal-Wallis + Dunn,Cliff's delta,-0.0411,negligible
0.25 + 0.5,0.5 + 0.125,1.0,False,Kruskal-Wallis + Dunn,Cliff's delta,-0.042,negligible
0.25 + 0.5,0.5 + 0.0625,1.0,False,Kruskal-Wallis + Dunn,Cliff's delta,-0.0294,negligible
0.25 + 0.5,0.25 + auto,1.0,False,Kruskal-Wallis + Dunn,Cliff's delta,-0.0002,negligible
0.25 + 0.25,auto + auto,1.0,False,Kruskal-Wallis + Dunn,Cliff's delta,-0.0446,negligible
0.25 + 0.25,auto + 0.5,1.0,False,Kruskal-Wallis + Dunn,Cliff's delta,-0.0443,negligible
0.25 + 0.25,auto + 0.25,1.0,False,Kruskal-Wallis + Dunn,Cliff's delta,-0.0442,negligible
0.25 + 0.5,1 + auto,1.0,False,Kruskal-Wallis + Dunn,Cliff's delta,-0.0458,negligible
0.25 + 0.25,auto + 0.125,1.0,False,Kruskal-Wallis + Dunn,Cliff's delta,-0.0455,negligible
0.25 + 0.25,2 + auto,1.0,False,Kruskal-Wallis + Dunn,Cliff's delta,-0.0447,negligible
0.25 + 0.25,2 + 0.5,1.0,False,Kruskal-Wallis + Dunn,Cliff's delta,-0.0431,negligible
0.25 + 0.25,2 + 0.25,1.0,False,Kruskal-Wallis + Dunn,Cliff's delta,-0.0426,negligible
0.25 + 0.25,2 + 0.125,1.0,False,Kruskal-Wallis + Dunn,Cliff's delta,-0.0445,negligible
0.25 + 0.25,2 + 0.0625,1.0,False,Kruskal-Wallis + Dunn,Cliff's delta,-0.0325,negligible
0.25 + 0.25,1 + auto,1.0,False,Kruskal-Wallis + Dunn,Cliff's delta,-0.0449,negligible
0.25 + 0.25,1 + 0.5,1.0,False,Kruskal-Wallis + Dunn,Cliff's delta,-0.0443,negligible
0.25 + 0.25,1 + 0.25,1.0,False,Kruskal-Wallis + Dunn,Cliff's delta,-0.0432,negligible
0.25 + 0.25,1 + 0.125,1.0,False,Kruskal-Wallis + Dunn,Cliff's delta,-0.0446,negligible
0.25 + 0.25,1 + 0.0625,1.0,False,Kruskal-Wallis + Dunn,Cliff's delta,-0.0336,negligible
0.25 + 0.25,0.5 + auto,1.0,False,Kruskal-Wallis + Dunn,Cliff's delta,-0.0406,negligible
0.25 + 0.25,0.5 + 0.5,1.0,False,Kruskal-Wallis + Dunn,Cliff's delta,-0.0394,negligible
0.25 + 0.25,0.5 + 0.25,1.0,False,Kruskal-Wallis + Dunn,Cliff's delta,-0.0399,negligible
0.25 + 0.25,auto + 0.0625,1.0,False,Kruskal-Wallis + Dunn,Cliff's delta,-0.0328,negligible
0.25 + 0.25,0.5 + 0.125,1.0,False,Kruskal-Wallis + Dunn,Cliff's delta,-0.0411,negligible
0.25 + 0.5,2 + 0.0625,1.0,False,Kruskal-Wallis + Dunn,Cliff's delta,-0.0333,negligible
0.25 + 0.5,2 + 0.25,1.0,False,Kruskal-Wallis + Dunn,Cliff's delta,-0.0436,negligible
0.5 + 0,1 + 0,1.0,False,Kruskal-Wallis + Dunn,Cliff's delta,0.0064,negligible
0.25 + auto,auto + auto,1.0,False,Kruskal-Wallis + Dunn,Cliff's delta,-0.0454,negligible
0.25 + auto,auto + 0.5,1.0,False,Kruskal-Wallis + Dunn,Cliff's delta,-0.0452,negligible
0.25 + auto,auto + 0.25,1.0,False,Kruskal-Wallis + Dunn,Cliff's delta,-0.0453,negligible
0.25 + auto,auto + 0.125,1.0,False,Kruskal-Wallis + Dunn,Cliff's delta,-0.0464,negligible
0.25 + auto,auto + 0.0625,1.0,False,Kruskal-Wallis + Dunn,Cliff's delta,-0.0336,negligible
0.25 + auto,2 + auto,1.0,False,Kruskal-Wallis + Dunn,Cliff's delta,-0.0456,negligible
0.25 + auto,2 + 0.5,1.0,False,Kruskal-Wallis + Dunn,Cliff's delta,-0.0441,negligible
0.25 + auto,2 + 0.25,1.0,False,Kruskal-Wallis + Dunn,Cliff's delta,-0.0437,negligible
0.25 + auto,2 + 0.125,1.0,False,Kruskal-Wallis + Dunn,Cliff's delta,-0.0453,negligible
0.25 + auto,2 + 0.0625,1.0,False,Kruskal-Wallis + Dunn,Cliff's delta,-0.0334,negligible
0.25 + auto,1 + auto,1.0,False,Kruskal-Wallis + Dunn,Cliff's delta,-0.0458,negligible
0.25 + auto,1 + 0.5,1.0,False,Kruskal-Wallis + Dunn,Cliff's delta,-0.0452,negligible
0.25 + 0.5,2 + 0.125,1.0,False,Kruskal-Wallis + Dunn,Cliff's delta,-0.0452,negligible
0.25 + auto,1 + 0.25,1.0,False,Kruskal-Wallis + Dunn,Cliff's delta,-0.0443,negligible
0.25 + auto,1 + 0.0625,1.0,False,Kruskal-Wallis + Dunn,Cliff's delta,-0.0345,negligible
0.25 + auto,0.5 + auto,1.0,False,Kruskal-Wallis + Dunn,Cliff's delta,-0.0418,negligible
0.25 + auto,0.5 + 0.5,1.0,False,Kruskal-Wallis + Dunn,Cliff's delta,-0.0404,negligible
0.25 + auto,0.5 + 0.25,1.0,False,Kruskal-Wallis + Dunn,Cliff's delta,-0.0411,negligible
auto + 0.25,auto + auto,1.0,False,Kruskal-Wallis + Dunn,Cliff's delta,0.0007,negligible
0.25 + auto,0.5 + 0.0625,1.0,False,Kruskal-Wallis + Dunn,Cliff's delta,-0.0294,negligible
0.25 + 0.5,auto + auto,1.0,False,Kruskal-Wallis + Dunn,Cliff's delta,-0.0453,negligible
0.25 + 0.5,auto + 0.5,1.0,False,Kruskal-Wallis + Dunn,Cliff's delta,-0.0451,negligible
0.25 + 0.5,auto + 0.25,1.0,False,Kruskal-Wallis + Dunn,Cliff's delta,-0.0452,negligible
0.25 + 0.5,auto + 0.125,1.0,False,Kruskal-Wallis + Dunn,Cliff's delta,-0.0463,negligible
0.25 + 0.5,auto + 0.0625,1.0,False,Kruskal-Wallis + Dunn,Cliff's delta,-0.0335,negligible
0.25 + 0.5,2 + auto,1.0,False,Kruskal-Wallis + Dunn,Cliff's delta,-0.0455,negligible
0.25 + 0.5,2 + 0.5,1.0,False,Kruskal-Wallis + Dunn,Cliff's delta,-0.0439,negligible
0.25 + auto,1 + 0.125,1.0,False,Kruskal-Wallis + Dunn,Cliff's delta,-0.0454,negligible
0.25 + 0.25,0.5 + 0.0625,1.0,False,Kruskal-Wallis + Dunn,Cliff's delta,-0.0284,negligible
0.25 + 0.25,0.25 + auto,1.0,False,Kruskal-Wallis + Dunn,Cliff's delta,0.0017,negligible
0.25 + 0.25,0.25 + 0.5,1.0,False,Kruskal-Wallis + Dunn,Cliff's delta,0.0018,negligible
0.25 + 0.0625,1 + auto,1.0,False,Kruskal-Wallis + Dunn,Cliff's delta,-0.0558,negligible
0.25 + 0.0625,1 + 0.5,1.0,False,Kruskal-Wallis + Dunn,Cliff's delta,-0.0554,negligible
0.25 + 0.0625,1 + 0.25,1.0,False,Kruskal-Wallis + Dunn,Cliff's delta,-0.0541,negligible
0.25 + 0.0625,1 + 0.125,1.0,False,Kruskal-Wallis + Dunn,Cliff's delta,-0.0551,negligible
0.25 + 0.0625,1 + 0.0625,1.0,False,Kruskal-Wallis + Dunn,Cliff's delta,-0.0446,negligible
0.25 + 0.0625,0.5 + auto,1.0,False,Kruskal-Wallis + Dunn,Cliff's delta,-0.0519,negligible
0.25 + 0.0625,0.5 + 0.5,1.0,False,Kruskal-Wallis + Dunn,Cliff's delta,-0.0505,negligible
0.25 + 0.0625,0.5 + 0.25,1.0,False,Kruskal-Wallis + Dunn,Cliff's delta,-0.0513,negligible
0.25 + 0.0625,0.5 + 0.125,1.0,False,Kruskal-Wallis + Dunn,Cliff's delta,-0.052,negligible
0.25 + 0.0625,0.5 + 0.0625,1.0,False,Kruskal-Wallis + Dunn,Cliff's delta,-0.0402,negligible
0.25 + 0.0625,0.25 + auto,1.0,False,Kruskal-Wallis + Dunn,Cliff's delta,-0.0098,negligible
0.25 + 0.0625,0.25 + 0.5,1.0,False,Kruskal-Wallis + Dunn,Cliff's delta,-0.0099,negligible
0.25 + 0.0625,0.25 + 0.25,1.0,False,Kruskal-Wallis + Dunn,Cliff's delta,-0.0116,negligible
0.25 + 0.0625,2 + 0.0625,1.0,False,Kruskal-Wallis + Dunn,Cliff's delta,-0.0435,negligible
0.25 + 0.0625,0.25 + 0.125,1.0,False,Kruskal-Wallis + Dunn,Cliff's delta,-0.0148,negligible
0.25 + 0,2 + 0,1.0,False,Kruskal-Wallis + Dunn,Cliff's delta,-0.0054,negligible
0.25 + 0,1 + 0,1.0,False,Kruskal-Wallis + Dunn,Cliff's delta,-0.0033,negligible
0.25 + 0,0.5 + 0,1.0,False,Kruskal-Wallis + Dunn,Cliff's delta,-0.0092,negligible
0 + auto,auto + auto,1.0,False,Kruskal-Wallis + Dunn,Cliff's delta,-0.0607,negligible
0 + auto,auto + 0.5,1.0,False,Kruskal-Wallis + Dunn,Cliff's delta,-0.0597,negligible
0 + auto,auto + 0.25,1.0,False,Kruskal-Wallis + Dunn,Cliff's delta,-0.0584,negligible
0 + auto,auto + 0.125,1.0,False,Kruskal-Wallis + Dunn,Cliff's delta,-0.0617,negligible
0 + auto,auto + 0.0625,1.0,False,Kruskal-Wallis + Dunn,Cliff's delta,-0.0504,negligible
0 + auto,2 + auto,1.0,False,Kruskal-Wallis + Dunn,Cliff's delta,-0.0603,negligible
0 + auto,2 + 0.5,1.0,False,Kruskal-Wallis + Dunn,Cliff's delta,-0.0589,negligible
0 + auto,2 + 0.25,1.0,False,Kruskal-Wallis + Dunn,Cliff's delta,-0.0567,negligible
0 + auto,2 + 0.125,1.0,False,Kruskal-Wallis + Dunn,Cliff's delta,-0.0603,negligible
0 + auto,2 + 0.0625,1.0,False,Kruskal-Wallis + Dunn,Cliff's delta,-0.05,negligible
0.25 + 0,auto + 0,1.0,False,Kruskal-Wallis + Dunn,Cliff's delta,-0.0033,negligible
0.25 + 0.0625,2 + 0.125,1.0,False,Kruskal-Wallis + Dunn,Cliff's delta,-0.0549,negligible
0.25 + 0.0625,2 + 0.25,1.0,False,Kruskal-Wallis + Dunn,Cliff's delta,-0.0534,negligible
0.25 + 0.0625,2 + 0.5,1.0,False,Kruskal-Wallis + Dunn,Cliff's delta,-0.054,negligible
0.25 + 0.125,auto + auto,1.0,False,Kruskal-Wallis + Dunn,Cliff's delta,-0.0413,negligible
0.25 + 0.125,auto + 0.5,1.0,False,Kruskal-Wallis + Dunn,Cliff's delta,-0.0409,negligible
0.25 + 0.125,auto + 0.25,1.0,False,Kruskal-Wallis + Dunn,Cliff's delta,-0.041,negligible
0.25 + 0.125,auto + 0.125,1.0,False,Kruskal-Wallis + Dunn,Cliff's delta,-0.0417,negligible
0.25 + 0.125,auto + 0.0625,1.0,False,Kruskal-Wallis + Dunn,Cliff's delta,-0.0294,negligible
0.25 + 0.125,2 + auto,1.0,False,Kruskal-Wallis + Dunn,Cliff's delta,-0.0415,negligible
0.25 + 0.125,2 + 0.5,1.0,False,Kruskal-Wallis + Dunn,Cliff's delta,-0.0398,negligible
0.25 + 0.125,2 + 0.25,1.0,False,Kruskal-Wallis + Dunn,Cliff's delta,-0.0394,negligible
0.25 + 0.125,2 + 0.125,1.0,False,Kruskal-Wallis + Dunn,Cliff's delta,-0.0408,negligible
0.25 + 0.125,2 + 0.0625,1.0,False,Kruskal-Wallis + Dunn,Cliff's delta,-0.0292,negligible
0.25 + 0.125,1 + auto,1.0,False,Kruskal-Wallis + Dunn,Cliff's delta,-0.0415,negligible
0.25 + 0.125,1 + 0.5,1.0,False,Kruskal-Wallis + Dunn,Cliff's delta,-0.0411,negligible
0.25 + 0.125,1 + 0.25,1.0,False,Kruskal-Wallis + Dunn,Cliff's delta,-0.04,negligible
0.25 + 0.125,1 + 0.125,1.0,False,Kruskal-Wallis + Dunn,Cliff's delta,-0.041,negligible
0.25 + 0.125,1 + 0.0625,1.0,False,Kruskal-Wallis + Dunn,Cliff's delta,-0.0302,negligible
0.25 + 0.125,0.5 + auto,1.0,False,Kruskal-Wallis + Dunn,Cliff's delta,-0.0375,negligible
0.25 + 0.125,0.5 + 0.5,1.0,False,Kruskal-Wallis + Dunn,Cliff's delta,-0.0363,negligible
0.25 + 0.125,0.5 + 0.25,1.0,False,Kruskal-Wallis + Dunn,Cliff's delta,-0.0368,negligible
0.25 + 0.125,0.5 + 0.125,1.0,False,Kruskal-Wallis + Dunn,Cliff's delta,-0.0375,negligible
0.25 + 0.125,0.5 + 0.0625,1.0,False,Kruskal-Wallis + Dunn,Cliff's delta,-0.0253,negligible
0.25 + 0.125,0.25 + auto,1.0,False,Kruskal-Wallis + Dunn,Cliff's delta,0.0048,negligible
0.25 + 0.125,0.25 + 0.5,1.0,False,Kruskal-Wallis + Dunn,Cliff's delta,0.0048,negligible
0.25 + 0.125,0.25 + 0.25,1.0,False,Kruskal-Wallis + Dunn,Cliff's delta,0.0031,negligible
0.25 + 0.0625,auto + auto,1.0,False,Kruskal-Wallis + Dunn,Cliff's delta,-0.0553,negligible
0.25 + 0.0625,auto + 0.5,1.0,False,Kruskal-Wallis + Dunn,Cliff's delta,-0.0551,negligible
0.25 + 0.0625,auto + 0.25,1.0,False,Kruskal-Wallis + Dunn,Cliff's delta,-0.055,negligible
0.25 + 0.0625,auto + 0.125,1.0,False,Kruskal-Wallis + Dunn,Cliff's delta,-0.056,negligible
0.25 + 0.0625,auto + 0.0625,1.0,False,Kruskal-Wallis + Dunn,Cliff's delta,-0.0437,negligible
0.25 + 0.0625,2 + auto,1.0,False,Kruskal-Wallis + Dunn,Cliff's delta,-0.0556,negligible
0 + auto,1 + 0.5,1.0,False,Kruskal-Wallis + Dunn,Cliff's delta,-0.0601,negligible
auto + 0.5,auto + auto,1.0,False,Kruskal-Wallis + Dunn,Cliff's delta,-0.0001,negligible
